category	video_prompt
sitting_panites	A Chinese woman is sitting. She spread open her legs , revealing her sheer panties. Her hands caress the inside of her thighs while she gazes directly at the camera, head tilted slightly upward, body writhing and moaning in a highly seductive manner.
sitting_panites	A Chinese woman sits. She parts her legs gradually, the sheer fabric of her panties coming into view with every inch.Her fingers glide along the inside of her thighs as she locks eyes with the camera, head tipped back a little, body twisting with soft, sultry moans.
sitting_panites	A Chinese woman sits. She tiles her head back, at the meanwhile  pull up her dress to reveal her sheer panties  in a slow, deliberate motion, a seductive moans fill the air. She run her hands from her waist all the way up to her breasts.
standing_panties	A Chinese woman stands facing the camera. She  lifts her skirt, revealing her sheer panties. Her hands caress the sides of her thighs while she gazes directly at the camera, head tilted slightly upward, body swaying and moaning in a highly seductive manner.
standing_panties	A Chinese woman stands. She parts her skirt gradually, the sheer fabric of her panties coming into view with every inch. Her fingers glide along the outside of her thighs as she locks eyes with the camera, head tipped back a little, body twisting with soft, sultry moans.
standing_butt	A Chinese woman stands with her back to the camera. She  pulls down her pants, revealing her round butt in sheer panties. Her hands caress her cheeks while she looks over her shoulder at the camera, head tilted slightly upward, body writhing and moaning in a highly seductive manner.
standing_butt	A Chinese woman stands with her back turned. She eases her pants down gradually, her sheer panties and firm butt coming into view inch by inch. Her fingers glide along her lower back as she glances over her shoulder at the camera, head tipped back a little, body twisting with soft, sultry moans.
oral	A Chinese woman kneels in front of her partner. She takes his penis into her mouth, performing a fast oral with deep motions. Her hands caress his thighs while she gazes upward at him, head moving rhythmically, body arching and moaning in a highly seductive manner.
oral	A Chinese woman kneels. She parts her lips ,put the man's testicles into her mouth, sucks them, then  enveloping his peniss with teasing sucks, then start having the penis in and out her mouth.  head bobbing gently, body twisting with soft, sultry moans.
cowgirl	A Chinese woman straddles her partner in cowgirl position. She violently lowers herself onto him, riding with fast grinding motions. Her hands caress her own breasts while she gazes down at him, head tilted slightly upward, body writhing and moaning in a highly seductive manner.
cowgirl	A Chinese girl mounts in cowgirl. She shakes up and down,  her hips circling with every inch. The penis is going in and out her wet pussy in a fast motion. Her arms are behind her to support her motion, head tipped back a little, body twisting with soft, sultry moans.
masturbation	A Chinese girl sits on the bed. She spreads her legs, touching herself intimately. Her hands caress her inner thighs and move to her center while she gazes directly at the camera, head tilted slightly upward, body writhing and moaning in a highly seductive manner.
masturbation	A Chinese girl lounges. She parts her fingers gradually over her body, focusing on her most sensitive spots. Her touch glides along her skin as she locks eyes with the camera, head tipped back a little, body twisting with soft, sultry moans.
doggy	A Chinese girl positions on all fours in doggy style. Her partner enters from behind with fast and violent thrusts. He is pounding her pussy from behind in a assertive way. Her hands caress the sheets while she looks back at him, head tilted slightly upward, body arching and moaning in a highly seductive manner.
doggy	The man is pounding the girl from behind wildly in a doggy style. He thrust penis into and out her pussy violently. The girl is moaning. Her whole body is shaking together with the pounding motion from the man.
missionary	A Chinese girl lies on her back in missionary position. Her partner thrusts  above her. Her hands caress his back while she gazes up at him, head tilted slightly upward, body writhing and moaning in a highly seductive manner.
missionary	The man thrusts his penis in and out the girl's pussy in a wild and fast manner, pounding the girl's body violently. The girl is moaning, tiling her head back and forth.
kiss	A Chinese girl leans in close to her partner. She  presses her lips to his in a deep kiss. Her hands caress his face while she gazes into his eyes, head tilted slightly upward, body pressing against him and moaning in a highly seductive manner.
kiss	A Chinese girl approaches for a kiss. She parts her lips gradually, tongues intertwining inch by inch. Her fingers glide along his neck as she locks eyes, head tipped back a little, body twisting with soft, sultry moans.
masturbation	woman fingers her pussy, while moaning, writhe her body, tile her head